{
  "project_info": {
    "project_number": "863468831640",
    "firebase_url": "https://monitoring-b244a.firebaseio.com",
    "project_id": "monitoring-b244a",
    "storage_bucket": "monitoring-b244a.appspot.com"
  },
  "client": [
    {
      "client_info": {
        "mobilesdk_app_id": "1:863468831640:android:d3b6537c2c9bb1bcb021ed",
        "android_client_info": {
          "package_name": "com.example.monitoring"
        }
      },
      "oauth_client": [
        {
          "client_id": "863468831640-rf8pqnl67ufs0ls16r0s9av0mjllph5c.apps.googleusercontent.com",
          "client_type": 1,
          "android_info": {
            "package_name": "com.example.monitoring",
            "certificate_hash": "db3c5b2d815636ddc307ccdcb8dc08f40f1f0274"
          }
        },
        {
          "client_id": "863468831640-9b8946tui4tdhv01bkt5329uacne846j.apps.googleusercontent.com",
          "client_type": 3
        }
      ],
      "api_key": [
        {
          "current_key": "AIzaSyDO6siscJ6cyduGWqDTgcXbV5uR5Ory0FI"
        }
      ],
      "services": {
        "appinvite_service": {
          "other_platform_oauth_client": [
            {
              "client_id": "863468831640-9b8946tui4tdhv01bkt5329uacne846j.apps.googleusercontent.com",
              "client_type": 3
            }
          ]
        }
      }
    }
  ],
  "configuration_version": "1"
}